iter	RMSE
0	1.254890433
1	1.041335331
2	0.9111684143
3	0.7972723625
4	0.6976133172
5	0.6104116526
6	0.534110196
7	0.4673464215
8	0.4089281188
9	0.357812104
